Workbook

Sheet Меню
A1: ID | B1: Название блюда | C1: Цена | D1: Категория | E1: Масса блюда
A2: 1 | B2: Сырники | C2: 150 | D2: Завтрак | E2: 200
A3: 2 | B3: Овсянка | C3: 100 | D3: Завтрак | E3: 250
A4: 3 | B4: Яичница | C4: 120 | D4: Завтрак | E4: 150
A5: 4 | B5: Тост с авокадо | C5: 130 | D5: Завтрак | E5: 180
A6: 5 | B6: Крок-мадам | C6: 180 | D6: Завтрак | E6: 220
A7: 6 | B7: Блины с икрой | C7: 350 | D7: Завтрак | E7: 300
A8: 7 | B8: Гречневая каша | C8: 90 | D8: Завтрак | E8: 200
A9: 8 | B9: Йогурт с мюсли | C9: 110 | D9: Завтрак | E9: 180
A10: 9 | B10: Сэндвич с ветчиной и сыром | C10: 140 | D10: Завтрак | E10: 220
A11: 10 | B11: Фруктовый салат | C11: 120 | D11: Завтрак | E11: 200
A12: 11 | B12: Борщ | C12: 160 | D12: Первое | E12: 300
A13: 12 | B13: Щи | C13: 150 | D13: Первое | E13: 300
... A61: 60 | B61: Ролл "Сакура" | C61: 310 | D61: Суши | E61: 250

Sheet Официанты
A1: ID | B1: Фамилия и имя
A2: 1 | B2: Блохина Октябрина
A3: 2 | B3: Захаров Кир
A4: 3 | B4: Ершова Акулина
A5: 4 | B5: Федорова Нина
A6: 5 | B6: Рябов Симон
A7: 6 | B7: Бобылев Феоктист
A8: 7 | B8: Белоусов Гордей
A9: 8 | B9: Кузьмин Прокл
A10: 9 | B10: Овчинникова Клавдия
A11: 10 | B11: Тарасов Тарас
A12: 11 | B12: Мельников Прокофий
A13: 12 | B13: Петрова Фаина
... A16: 15 | B16: Кошелева Клавдия

Sheet Заказы
A1: ID | B1: ID Официанта | C1: Дата и время заказа
A2: 1 | B2: 6 | C2: 2023-03-12 19:32:00
A3: 2 | B3: 7 | C3: 2023-03-12 20:05:00
A4: 3 | B4: 9 | C4: 2023-03-13 15:23:00
A5: 4 | B5: 4 | C5: 2023-03-13 16:14:00
A6: 5 | B6: 2 | C6: 2023-03-13 16:27:00
A7: 6 | B7: 1 | C7: 2023-03-13 16:40:00
A8: 7 | B8: 5 | C8: 2023-03-13 18:55:00
A9: 8 | B9: 6 | C9: 2023-03-13 20:05:00
A10: 9 | B10: 12 | C10: 2023-03-13 22:53:00
A11: 10 | B11: 6 | C11: 2023-03-14 15:49:00
A12: 11 | B12: 1 | C12: 2023-03-14 15:56:00
A13: 12 | B13: 7 | C13: 2023-03-14 17:50:00
... A1513: 1512 | B1513: 6 | C1513: 2024-03-10 20:31:00

Sheet Состав заказов
A1: ID | B1: ID Заказа | C1: ID блюда
A2: 1 | B2: 1 | C2: 29 | D2: =VLOOKUP(B2,Заказы!A:C,3,0) -> 2023-03-12 19:32:00 | E2: =VLOOKUP(C2,Меню!A:E,4,0) -> Салат | F2: =VLOOKUP(C2,Меню!A:E,5,0) -> 250
A3: 2 | B3: 1 | C3: 51 | D3: =VLOOKUP(B3,Заказы!A:C,3,0) -> 2023-03-12 19:32:00 | E3: =VLOOKUP(C3,Меню!A:E,4,0) -> Суши | F3: =VLOOKUP(C3,Меню!A:E,5,0) -> 100
A4: 3 | B4: 1 | C4: 19 | D4: =VLOOKUP(B4,Заказы!A:C,3,0) -> 2023-03-12 19:32:00 | E4: =VLOOKUP(C4,Меню!A:E,4,0) -> Первое | F4: =VLOOKUP(C4,Меню!A:E,5,0) -> 300
A5: 4 | B5: 2 | C5: 37 | D5: =VLOOKUP(B5,Заказы!A:C,3,0) -> 2023-03-12 20:05:00 | E5: =VLOOKUP(C5,Меню!A:E,4,0) -> Десерт | F5: =VLOOKUP(C5,Меню!A:E,5,0) -> 100
A6: 5 | B6: 2 | C6: 31 | D6: =VLOOKUP(B6,Заказы!A:C,3,0) -> 2023-03-12 20:05:00 | E6: =VLOOKUP(C6,Меню!A:E,4,0) -> Десерт | F6: =VLOOKUP(C6,Меню!A:E,5,0) -> 150
A7: 6 | B7: 2 | C7: 51 | D7: =VLOOKUP(B7,Заказы!A:C,3,0) -> 2023-03-12 20:05:00 | E7: =VLOOKUP(C7,Меню!A:E,4,0) -> Суши | F7: =VLOOKUP(C7,Меню!A:E,5,0) -> 100
A8: 7 | B8: 2 | C8: 6 | D8: =VLOOKUP(B8,Заказы!A:C,3,0) -> 2023-03-12 20:05:00 | E8: =VLOOKUP(C8,Меню!A:E,4,0) -> Завтрак | F8: =VLOOKUP(C8,Меню!A:E,5,0) -> 300
A9: 8 | B9: 2 | C9: 52 | D9: =VLOOKUP(B9,Заказы!A:C,3,0) -> 2023-03-12 20:05:00 | E9: =VLOOKUP(C9,Меню!A:E,4,0) -> Суши | F9: =VLOOKUP(C9,Меню!A:E,5,0) -> 100
A10: 9 | B10: 3 | C10: 17 | D10: =VLOOKUP(B10,Заказы!A:C,3,0) -> 2023-03-13 15:23:00 | E10: =VLOOKUP(C10,Меню!A:E,4,0) -> Первое | F10: =VLOOKUP(C10,Меню!A:E,5,0) -> 250
A11: 10 | B11: 3 | C11: 41 | D11: =VLOOKUP(B11,Заказы!A:C,3,0) -> 2023-03-13 15:23:00 | E11: =VLOOKUP(C11,Меню!A:E,4,0) -> Суши | F11: =VLOOKUP(C11,Меню!A:E,5,0) -> 220
A12: 11 | B12: 4 | C12: 19 | D12: =VLOOKUP(B12,Заказы!A:C,3,0) -> 2023-03-13 16:14:00 | E12: =VLOOKUP(C12,Меню!A:E,4,0) -> Первое | F12: =VLOOKUP(C12,Меню!A:E,5,0) -> 300
A13: 12 | B13: 4 | C13: 17 | D13: =VLOOKUP(B13,Заказы!A:C,3,0) -> 2023-03-13 16:14:00 | E13: =VLOOKUP(C13,Меню!A:E,4,0) -> Первое | F13: =VLOOKUP(C13,Меню!A:E,5,0) -> 250
... A7627: 7626 | B7627: 1512 | C7627: 44 | D7627: =VLOOKUP(B7627,Заказы!A:C,3,0) -> 2024-03-10 20:31:00 | E7627: =VLOOKUP(C7627,Меню!A:E,4,0) -> Суши | F7627: =VLOOKUP(C7627,Меню!A:E,5,0) -> 250

Sheet Лист1
A1: 6284 | B1: 1245 | C1: 35 | D1: 2024-01-01 17:20:00 | E1: Десерт | F1: 150 | H1: =SUM(F:F) -> 13650
A2: 6292 | B2: 1246 | C2: 33 | D2: 2024-01-01 22:20:00 | E2: Десерт | F2: 150
A3: 6294 | B3: 1246 | C3: 35 | D3: 2024-01-01 22:20:00 | E3: Десерт | F3: 150
A4: 6297 | B4: 1246 | C4: 33 | D4: 2024-01-01 22:20:00 | E4: Десерт | F4: 150
A5: 6301 | B5: 1247 | C5: 36 | D5: 2024-01-02 15:19:00 | E5: Десерт | F5: 150
A6: 6311 | B6: 1249 | C6: 35 | D6: 2024-01-02 15:40:00 | E6: Десерт | F6: 150
A7: 6312 | B7: 1250 | C7: 35 | D7: 2024-01-02 15:49:00 | E7: Десерт | F7: 150
A8: 6315 | B8: 1251 | C8: 39 | D8: 2024-01-02 16:15:00 | E8: Десерт | F8: 150
A9: 6317 | B9: 1251 | C9: 32 | D9: 2024-01-02 16:15:00 | E9: Десерт | F9: 150
A10: 6332 | B10: 1253 | C10: 35 | D10: 2024-01-02 18:38:00 | E10: Десерт | F10: 150
A11: 6333 | B11: 1254 | C11: 38 | D11: 2024-01-02 19:33:00 | E11: Десерт | F11: 150
A12: 6334 | B12: 1255 | C12: 40 | D12: 2024-01-02 19:46:00 | E12: Десерт | F12: 150
A13: 6336 | B13: 1255 | C13: 36 | D13: 2024-01-02 19:46:00 | E13: Десерт | F13: 150
... A94: 6902 | B94: 1375 | C94: 40 | D94: 2024-01-31 20:49:00 | E94: Десерт | F94: 150
